GridSize,Fitness,Time
5,0.302,0.128876
10,0.0391925,0.585356
15,0.0129484,1.49553
