GridSize,Fitness,Time
5,0.322667,0.13034
10,0.0383269,0.580803
15,0.013426,1.42428
