GridSize,Fitness,Time
5,0.288,0.0790676
10,0.0360493,0.338244
15,0.0134091,0.834692
