GridSize,Fitness,Time
5,0.288667,0.0939566
10,0.0555986,0.442208
15,0.0201905,1.11388
