GridSize,Fitness,Time
5,0.328,0.052136
10,0.0523161,0.259844
15,0.0186018,0.674612
