GridSize,Fitness,Time
5,0.341333,0.0892844
10,0.0584179,0.420396
15,0.0196701,1.12195
